cell	view	take	runway_task_id	status	prompt_sha256
classical-omar-en	on_skin	a	2ca8dab1-f8ab-451d-972b-69219f362862	SUCCEEDED	059a71982a5f6d7da9a63985ae36751910bdb5206920b464710f21dc781b6f6c
classical-omar-en	on_skin	b	987ced5e-2d9c-489d-a54d-3723c11c25b8	SUCCEEDED	059a71982a5f6d7da9a63985ae36751910bdb5206920b464710f21dc781b6f6c
classical-omar-en	close_up	a	62f517d7-a8f7-4c70-ad3d-17f68deb6a58	SUCCEEDED	8f704b3ece9bcafaa60e1a9226fb30501cb4d97ea363967dd620379f6bdd89a7
classical-omar-en	close_up	b	c558e57a-5ca3-45be-9dd9-94c6a6043377	SUCCEEDED	8f704b3ece9bcafaa60e1a9226fb30501cb4d97ea363967dd620379f6bdd89a7
classical-omar-en	dark	a	18f8ffeb-104b-498f-b3a3-79d3db7cea5c	SUCCEEDED	7f96be7940d1751c45eee4c7edd7bb8e7aaf8f7c30a01378f2fad8e8b030a89d
classical-omar-en	dark	b	dbbcb0db-f136-48b0-a9c5-d5637a7fb483	SUCCEEDED	7f96be7940d1751c45eee4c7edd7bb8e7aaf8f7c30a01378f2fad8e8b030a89d
classical-asma-en	on_skin	a	2956411e-3680-45e3-a820-1423ae8e8509	SUCCEEDED	936d684497433a8f2ca4fc8e73ffac4f4d0d1709621a1a9f00661e2b3a371010
classical-asma-en	on_skin	b	af881178-ea2e-4fec-8b7b-683c0c8d7fc3	SUCCEEDED	936d684497433a8f2ca4fc8e73ffac4f4d0d1709621a1a9f00661e2b3a371010
classical-asma-en	close_up	a	4f0b2020-6af6-466a-8eb1-87c8825f9166	SUCCEEDED	d5038db2042f8127fa41bf2693b22a3920af22499ce4ed6d7b3e475c8d2bd2e9
classical-asma-en	close_up	b	c750de82-2bf2-4e37-bd2b-1afcf1d32d90	SUCCEEDED	d5038db2042f8127fa41bf2693b22a3920af22499ce4ed6d7b3e475c8d2bd2e9
classical-asma-en	dark	a	49ba9ef9-3384-4f18-8790-5519af1f1905	SUCCEEDED	7f93a0c0ddc4601873cf22fb1dcf20817b63f1e3a9642671fc88e18f9533004f
classical-asma-en	dark	b	231b46cb-d35b-4e7f-9a9a-e281313399d8	SUCCEEDED	7f93a0c0ddc4601873cf22fb1dcf20817b63f1e3a9642671fc88e18f9533004f
classical-love-en	on_skin	a	aade3be1-dd86-4944-9eee-3e35ef9a821e	SUCCEEDED	f0021099360d036590a8dbd575fcc50fcc4dbd292a6ad4e4fcb9e8425abacd33
classical-love-en	on_skin	b	d0315f35-4b5f-4ad9-a0c7-e559fc312abb	SUCCEEDED	f0021099360d036590a8dbd575fcc50fcc4dbd292a6ad4e4fcb9e8425abacd33
classical-love-en	close_up	a	525c7f1d-2819-40e5-9170-529c058fdbac	SUCCEEDED	f349883ff49e6c20b176f6d59a2cf4c7d6db44ed81cd1eb07275549b823dc8ae
classical-love-en	close_up	b	9e10dd7b-dfaf-48bc-a85a-dfe564f570d8	SUCCEEDED	f349883ff49e6c20b176f6d59a2cf4c7d6db44ed81cd1eb07275549b823dc8ae
classical-love-en	dark	a	0ee8f1b3-01e4-4212-aae4-567045c73387	SUCCEEDED	f7c7240ff3bf6f900b479e53daaaacd3549db187685dc6a108e1ec21dd964e1d
classical-love-en	dark	b	14e814e4-b996-40b0-a357-c359fa38103a	SUCCEEDED	f7c7240ff3bf6f900b479e53daaaacd3549db187685dc6a108e1ec21dd964e1d
classical-muhammad-en	on_skin	a	ba85620d-32b9-471c-b7f8-10895a8eb8a0	SUCCEEDED	2a9e1bcb302cd31be259377e78d99937db134de248cbd6d79dad85f3e3bf6e8e
classical-muhammad-en	on_skin	b	fc2600cb-7de7-47e5-9d54-0ce917214881	SUCCEEDED	2a9e1bcb302cd31be259377e78d99937db134de248cbd6d79dad85f3e3bf6e8e
classical-muhammad-en	close_up	a	ad644a43-cf64-4a72-8129-f0f7925baf8f	SUCCEEDED	39671e3c47d15d5f5053d59fac704a161d368ac5e98db65ab468015e39247774
classical-muhammad-en	close_up	b	0d4b225e-e840-4409-9bb5-be8b4636c781	SUCCEEDED	39671e3c47d15d5f5053d59fac704a161d368ac5e98db65ab468015e39247774
classical-muhammad-en	dark	a	2b458f80-0613-4867-bc00-4c1426fbfbfa	SUCCEEDED	98712052c954cc6cdea688168b879c448451d60f07080bb39b6b410a0c94686e
classical-muhammad-en	dark	b	07b8719e-1551-4bc5-a531-9dc015de743e	SUCCEEDED	98712052c954cc6cdea688168b879c448451d60f07080bb39b6b410a0c94686e
classical-muhammad-ar	on_skin	a	25613313-d08e-41a2-a969-acefd1f47db2	SUCCEEDED	f4421c40219645c67b69fba66a9230d0398ae17cd0299bad9a0a0e148c91cf17
classical-muhammad-ar	on_skin	b	1fd30cf8-b485-4cda-aad6-ad07bac2dd6f	SUCCEEDED	f4421c40219645c67b69fba66a9230d0398ae17cd0299bad9a0a0e148c91cf17
classical-muhammad-ar	close_up	a	0891a6b9-3e43-4ad6-b4e9-de1977d9dadc	SUCCEEDED	448683a01ea29c84fb3d3e17aa7401790ed2ba18827935dab15775c6e011b811
classical-muhammad-ar	close_up	b	b2649253-91cb-4696-89e3-cc4a7b1bf259	SUCCEEDED	448683a01ea29c84fb3d3e17aa7401790ed2ba18827935dab15775c6e011b811
classical-muhammad-ar	dark	a	1a54c032-01d2-469f-a6f5-e2ec86660363	SUCCEEDED	5329dc566c37deebfe0447a64cf4982b70e89abfdceb5f1bd362192a709b5965
classical-muhammad-ar	dark	b	923c6003-4a6e-4205-97a0-92af1761fd53	SUCCEEDED	5329dc566c37deebfe0447a64cf4982b70e89abfdceb5f1bd362192a709b5965
diamond-rails-muhammad-ar	on_skin	a	55e5908a-9e64-4c67-b7ab-bc442f652b47	SUCCEEDED	f8e9dc84880e560fda0e69606408223b362c4d7dd76e4db9a1671b9210ddd190
diamond-rails-muhammad-ar	on_skin	b	c81f0df6-b0c0-4295-9935-4db338927f1e	SUCCEEDED	f8e9dc84880e560fda0e69606408223b362c4d7dd76e4db9a1671b9210ddd190
diamond-rails-muhammad-ar	close_up	a	b7da4886-4a54-49ea-b3e2-a9f03fa42cf1	SUCCEEDED	7015f1950bb34c97e04e7ffae27676be2f2ae8b32e72f22add3ccbe64a4cb520
diamond-rails-muhammad-ar	close_up	b	2916b71f-47dd-4b23-9f72-14db1ea3445e	SUCCEEDED	7015f1950bb34c97e04e7ffae27676be2f2ae8b32e72f22add3ccbe64a4cb520
diamond-rails-muhammad-ar	dark	a	95875985-5543-4bcc-95e6-7d89c7e3a58a	SUCCEEDED	37ed9c8e23a6929793e2460ea55c1d00777c339bf498ed48cd7b126399a1b9e2
diamond-rails-muhammad-ar	dark	b	a42fbf88-28e8-416b-8d4d-15e855ba92e1	SUCCEEDED	37ed9c8e23a6929793e2460ea55c1d00777c339bf498ed48cd7b126399a1b9e2
framed-minimal-muhammad-ar	on_skin	a	86e36dd0-540c-4e28-bfd7-ac96806c5cd8	SUCCEEDED	cbdb11d1e188e3aa863be46e4b267c0131e353ee01deefda2165c45e629faca8
framed-minimal-muhammad-ar	on_skin	b	05dfe7c0-731b-451d-8bd1-7ba0f5bab511	SUCCEEDED	cbdb11d1e188e3aa863be46e4b267c0131e353ee01deefda2165c45e629faca8
framed-minimal-muhammad-ar	close_up	a	e5f99746-2a12-47b5-aa8a-64dd90f7be13	SUCCEEDED	2f8d938c3239e1e5ae2a793e84487692771eb12f753e9231ea94a808c24aa1c0
framed-minimal-muhammad-ar	close_up	b	6993ace1-bd20-44e3-b5e8-1e73c74ab59e	SUCCEEDED	2f8d938c3239e1e5ae2a793e84487692771eb12f753e9231ea94a808c24aa1c0
framed-minimal-muhammad-ar	dark	a	28d57085-7beb-4324-bc00-6dee0c0c8ce5	SUCCEEDED	9d2bdc3065b3c90b104e83cffec062157704babeff1e91f3e60c851a60ea2a67
framed-minimal-muhammad-ar	dark	b	9fec5087-54b3-4152-96b6-e89ac3cdf567	SUCCEEDED	9d2bdc3065b3c90b104e83cffec062157704babeff1e91f3e60c851a60ea2a67
framed-minimal-salma-ar	on_skin	a	04b41e70-33f3-42cd-a485-3b6c5a12e0e2	SUCCEEDED	d58328e60bda6683f3ca830c8905db4d71411e40717d0bac90b1398d07751f81
framed-minimal-salma-ar	on_skin	b	c2be084a-c4b4-481d-bb56-b0d6fc39ab24	SUCCEEDED	d58328e60bda6683f3ca830c8905db4d71411e40717d0bac90b1398d07751f81
framed-minimal-salma-ar	close_up	a	558298f1-1baa-4c4e-9904-1aae3e772f1f	SUCCEEDED	7d2cff48f804f64d0ba6618f639897645990dfac6fad7a76c54f67ada8aba8ac
framed-minimal-salma-ar	close_up	b	1d290dff-f65c-49d0-b485-4df242dbdc0e	SUCCEEDED	7d2cff48f804f64d0ba6618f639897645990dfac6fad7a76c54f67ada8aba8ac
framed-minimal-salma-ar	dark	a	722cc5c3-283e-47a8-848d-44b458232f07	SUCCEEDED	80bfc87268af83472e99b44ce2c9d703392cf6011b7d3a9a147d50e440e63fb6
framed-minimal-salma-ar	dark	b	66e93153-1e36-4ea1-b8f2-e85ce5bd10ff	SUCCEEDED	80bfc87268af83472e99b44ce2c9d703392cf6011b7d3a9a147d50e440e63fb6
