cell	take	runway_task_id	status	prompt_sha256
classical-muhammad-ar	a	a803d865-1964-43e0-8039-f7bc06218a94	SUCCEEDED	92835ad907bc30db5da34b51351b0afb88d5e55b92280d944bb98074ab098511
classical-muhammad-ar	b	284756fc-2ba6-4c9c-9296-165e3fa00fa3	SUCCEEDED	92835ad907bc30db5da34b51351b0afb88d5e55b92280d944bb98074ab098511
origami-ribbon-muhammad-ar	a	6b7060a4-79c1-4c1b-a829-3aa40dd406dc	SUCCEEDED	a895bad41c63665887a864a6279fb85aebed79b4983d76e99304f37e8ab80175
origami-ribbon-muhammad-ar	b	71ed30b8-c599-487a-b337-d72c40bc9d40	SUCCEEDED	a895bad41c63665887a864a6279fb85aebed79b4983d76e99304f37e8ab80175
framed-minimal-muhammad-ar	a	8fb4065c-cec6-4e0e-84b8-af6c87718648	SUCCEEDED	65a69fb7d13f5d2e3206c54f5cab97c35744e4ca501f731217571c09553227d0
framed-minimal-muhammad-ar	b	a3e892e4-cf2a-4613-bedb-c57cacc25ebb	SUCCEEDED	65a69fb7d13f5d2e3206c54f5cab97c35744e4ca501f731217571c09553227d0
diamond-rails-muhammad-ar	a	942d8232-f84e-490f-8edd-316114a7782e	SUCCEEDED	94a042443ab2e6efa5ff04e9fc4fdb94e74e810a34f3e13cc327bc48ce2008b6
diamond-rails-muhammad-ar	b	a69db4d6-593d-4c70-87e0-74c35cb63478	SUCCEEDED	94a042443ab2e6efa5ff04e9fc4fdb94e74e810a34f3e13cc327bc48ce2008b6
classical-layla-ar	a	ea25c015-d93c-4258-bd0e-ac101e8dc162	SUCCEEDED	e6fe5b2f541586e71e2f8b5e32311b8cb4a16adc57bad6bfd2d52d26c8c27f77
classical-layla-ar	b	73f83b1e-8370-4394-9473-913ecd8b1dc2	SUCCEEDED	e6fe5b2f541586e71e2f8b5e32311b8cb4a16adc57bad6bfd2d52d26c8c27f77
framed-minimal-salma-ar	a	f2c12593-877f-4ea0-aa6b-cc9917a8f319	SUCCEEDED	dedfa7ecf21d419e649c949feddd327b0cc3be5879d90e779539863d54202440
framed-minimal-salma-ar	b	34faa240-1c90-4a70-b9cb-2357256ab9fc	SUCCEEDED	dedfa7ecf21d419e649c949feddd327b0cc3be5879d90e779539863d54202440
classical-muhammad-en	a	5bb18806-9ea1-4ccf-beb9-91bd74d7a3b6	SUCCEEDED	950dfff1d41a43fce1f8774c09136f1130ce0b621dafefbb0a231e91466ee9df
classical-muhammad-en	b	3cff978d-eef6-4455-9949-3dd8682fd3db	SUCCEEDED	950dfff1d41a43fce1f8774c09136f1130ce0b621dafefbb0a231e91466ee9df
classical-omar-en	a	67c2728b-b833-437a-a44d-7994d2917357	SUCCEEDED	499e0accc82f1690c140666a300537df4da093e3f43c7f4a5fa39c30bb62851c
classical-omar-en	b	67df0205-2a5b-4fc8-9b9b-a73fec62291c	SUCCEEDED	499e0accc82f1690c140666a300537df4da093e3f43c7f4a5fa39c30bb62851c
classical-love-en	a	5b6c254d-94f0-4136-9865-f589e93f5d84	SUCCEEDED	6df5f8f2dd6240d7a29d9775a39819761d8f69478b4376ca52737f6849e2f907
classical-love-en	b	a41b0f3d-7651-49bf-8ede-4d58a45d90a2	SUCCEEDED	6df5f8f2dd6240d7a29d9775a39819761d8f69478b4376ca52737f6849e2f907
classical-asma-en	a	a760909e-3e58-4f66-898d-4a21df809599	SUCCEEDED	b2ba0064c46d4147c6959254f9a556e937c4745c80dcacd51797d224b53b43ac
classical-asma-en	b	0833c775-abf1-45a6-9928-920c8a6b48d7	SUCCEEDED	b2ba0064c46d4147c6959254f9a556e937c4745c80dcacd51797d224b53b43ac
