cell	take	task
o-muh-studio	a	17e6a273-fbfb-4625-835b-97b33d003319
o-muh-studio	b	05d1fa87-b46c-44c0-bff0-b8dd55852966
o-fat-studio	a	e3f938eb-8996-47c5-a472-e8e053cbb7ae
o-fat-studio	b	9d782b8f-7413-4922-a88e-448406030c76
f-muh-studio	a	8181dccf-9528-4bba-94e2-88a68291967f
f-muh-studio	b	6ea83ea8-30f7-4869-a301-7366d7470f6e
f-fat-studio	a	2ea696f6-4a6f-4e63-94e1-8949ebe5b6a6
f-fat-studio	b	77581106-f380-41b6-8988-3880c97c14d7
r-muh-studio	a	fef2eca6-db70-4e9d-bd12-cffd56e97d45
r-muh-studio	b	f88b3516-b429-425c-999a-5902a151be65
r-fat-studio	a	11cf0192-9252-4abe-b16a-97397ffaa294
r-fat-studio	b	13859e08-2c2a-4870-8a48-90ab2d9f5045
c-muh-studio	a	5d11ab8b-1394-4c81-8f14-e8b533d32c90
c-muh-studio	b	9fc86cd2-8981-441a-aef9-558a60502dc6
c-fat-studio	a	88e939b9-ecd4-45ba-b79e-bcf2468a5eaa
c-fat-studio	b	56446b8a-0329-49a1-8567-4e52f2091f4e
o-muh-on_skin	v1	592e77df-74bd-4039-bcf1-45424ff1795c
o-fat-on_skin	v1	fbd6ee1e-9e3e-47eb-a400-1c1465e5758a
f-muh-on_skin	v1	6cf6524b-a87f-4af8-811a-4678ae24e492
f-fat-on_skin	v1	5ec4aaca-4ea9-4eae-acb0-f474d832a0e2
r-muh-on_skin	v1	53f41b5f-d1c9-4c65-899d-f2e364af6871
r-fat-on_skin	v1	6e8b45c6-b40e-4864-a0b5-39452814a90b
c-muh-on_skin	v1	7c26b566-c759-4450-b02a-e3998b84b0a7
c-fat-on_skin	v1	be5440d8-616f-467d-8e2f-69cf5b02190f
o-muh-close_up	v1	ef0438fa-425d-4e95-bdd8-f3c98129e058
o-fat-close_up	v1	2f534b34-9cdf-410c-b459-986a0c0c2f5a
f-muh-close_up	v1	c796f354-1598-48d2-8a90-7a882e64f90c
f-fat-close_up	v1	42b355b3-0172-4cc9-9d40-30732088ba07
r-muh-close_up	v1	2a603576-81ba-4ba1-b858-898456fa168f
r-fat-close_up	v1	5454bd35-5683-4f78-89f0-87de6c36f850
c-muh-close_up	v1	d722c26e-8ffb-4aee-b9b2-6c9f261560db
c-fat-close_up	v1	19905853-7a54-4957-a744-3c3cc78dd12e
o-muh-dark	v1	c1cd0fa9-cdb7-4c91-9cdd-7cb8ec09e1d9
o-fat-dark	v1	18382cb7-225f-47db-9a63-ef72c7978675
f-muh-dark	v1	2bfd7e1c-e6f4-4542-8763-4d56098a9f6a
f-fat-dark	v1	5c464f60-e3d2-448d-80b5-b014bc7ab701
r-muh-dark	v1	0751a4b0-1edc-4ec1-b5bd-03246b2f81d4
r-fat-dark	v1	0a16858d-c179-4a0c-984d-6ebcd07711a5
c-muh-dark	v1	2161705d-ff90-4a6f-96b5-a44c291c36e7
c-fat-dark	v1	c2fc7115-d60e-437c-b761-51c8b996752c
o-muh-studio	v2a	2556bdc5-8ee7-481c-b08b-a33a2e0585d7
o-muh-studio	v2b	35e3d11d-3a22-42e4-af3d-f95f8a5e91a8
o-fat-studio	v2a	9f99edf5-3aa3-4e23-8034-5d5c285bdde9
o-fat-studio	v2b	5c00414a-caee-4ef1-aa03-9d26f609ac77
f-muh-studio	v2a	7de411ff-c467-4639-8855-999fcd848ae4
f-muh-studio	v2b	f834399e-d3fc-4dd9-8ef9-00c3550d4bb9
f-fat-studio	v2a	d5987312-173c-4bdf-ad9e-5f3638f5d807
f-fat-studio	v2b	51f8a3d4-65e7-452d-8b58-1566f8a60ece
r-muh-studio	v2a	68d1ea18-dcd3-4252-96bd-70678a581d3b
r-muh-studio	v2b	40f09103-40f2-48f0-8024-100436919ba2
r-fat-studio	v2a	8b797c3e-dda9-4bfd-a18d-9e005d059b69
r-fat-studio	v2b	156891b6-6126-490b-b4c0-571bf908985f
c-muh-studio	v2a	2b48eb6b-2955-48e1-a55c-5cb1d1319f5f
c-muh-studio	v2b	3cd04583-3d0c-476a-a1ba-464fdb2c4f15
c-fat-studio	v2a	d6d78b20-2754-4fe6-8bf1-f83dbfe24fc5
c-fat-studio	v2b	b62382be-734b-48d6-9e8d-a5c6dc643161
o-muh-studio	v2c	7ef41703-9312-4e13-aa64-df9dded4b6f0
o-muh-studio	v2d	eacef696-4194-42ad-a5ec-f34ac65797da
o-muh-studio	v2e	baa09224-9bb4-416b-8389-29b4d35bd85f
o-muh-studio	v2f	f28db1ab-e3c5-4a7c-ae4b-ebe01c3a5cf3
o-fat-on_skin	v2	b36ba504-e0fe-45d2-9a11-bc263e1c263d
f-muh-on_skin	v2	09e8a38c-0b99-4bfe-9577-92f0beeacdc8
f-fat-on_skin	v2	6109170d-e6c3-4e5b-a7e6-113164c69450
r-muh-on_skin	v2	c0c9e713-bf84-4924-9dff-95234e7f3b91
r-fat-on_skin	v2	2ad6e406-eb64-4bc4-8d3b-ff3f6eadd03c
c-muh-on_skin	v2	136443fc-d682-4a68-a908-eba08dc17894
c-fat-on_skin	v2	fbebac11-e9e7-46e8-a206-a817cd71593d
o-fat-close_up	v2	e00aa6bb-a9cf-423e-a03d-9e9ab72caf7b
f-muh-close_up	v2	62b26f5f-3fad-449a-bae1-8118f1f125ce
f-fat-close_up	v2	3f3b5bcb-4ba4-47a9-a9a8-0a90d3768926
r-muh-close_up	v2	078d5f26-8e06-4fd1-b308-24767aab62c9
r-fat-close_up	v2	cd05356d-a090-4256-a3fd-cc8212b80b53
c-muh-close_up	v2	89f09fe3-c1ef-4998-baec-f871f162e01a
c-fat-close_up	v2	8f7c6495-dcf2-4191-acdf-13c097a78c43
o-fat-dark	v2	723c2c76-f46f-44e7-9148-7b8aa416459e
f-muh-dark	v2	2dd479d9-defa-4db9-8a2f-250cdc4b1791
f-fat-dark	v2	5badfea0-2a18-4eb3-be21-bedbbc756b72
r-muh-dark	v2	7b88217c-664a-4f3a-a279-787cfb1f05e5
r-fat-dark	v2	c73a2cec-9b48-4657-9885-8a04cb51fb39
c-muh-dark	v2	95c6cb50-b0f7-47d5-a351-f98a43184efa
c-fat-dark	v2	b299da3c-e307-418b-8731-a70e21ef694e
o-muh-on_skin	v2	196f00b3-4677-434f-9f32-3a4ddf710e39
o-muh-close_up	v2	ff569efb-d355-4223-af66-863569e766cd
o-muh-dark	v2	ef213461-850b-4023-9265-bf0f7609cf54
o-muh-close_up	v2-retake-a	202b3167-fb37-4eec-965c-a5fb3447c11b
o-muh-close_up	v2-retake-b	9a878eea-426e-464e-8c15-fa4a5e06a1eb
c-fat-studio	v3-weld-a	62f83f0a-40f9-49b5-87f9-1f35b8bacc81
c-fat-studio	v3-weld-b	a636f31f-07ec-4788-8dc4-9719c7059a06
c-asma-studio	v3-weld-a	c139f68b-a17b-420a-aab8-76cf7dfba7d4
c-asma-studio	v3-weld-b	9141bf3a-3e76-42e9-8eac-2c5918fff00b
c-omran-studio	v3-weld-a	6f1d5675-fabd-482f-8715-4f6359df5c53
c-omran-studio	v3-weld-b	10bdd98b-77f7-4236-ac00-770b3f1cf7b2
c-fat-studio	v4-stencil-a	fe8fb08c-7f5a-4fbf-a7b6-6dc532f407d4
c-fat-studio	v4-stencil-b	eb6f8ec5-4da2-4c32-bcfa-81cc70f23837
c-omran-studio	v4-stencil-a	965f1207-cbc7-4eee-8693-3b02827dacb5
c-omran-studio	v4-stencil-b	27257c49-85de-40fe-af73-59be769b7c2f
